{"cameraMode":{"drawMode":0,"name":"Shaded","section":"Shading Mode"},"sceneLighting":false,"audioPlay":false,"sceneViewState":{"m_AlwaysRefresh":false,"showFog":true,"showSkybox":false,"showFlares":true,"showImageEffects":true,"showParticleSystems":true,"showVisualEffectGraphs":true,"m_FxEnabled":true},"in2DMode":false,"pivot":{"x":0.42884111404418948,"y":-2.1528494358062746,"z":-0.20545077323913575},"rotation":{"x":0.1104874387383461,"y":-0.8632897734642029,"z":0.21539941430091859,"w":0.4428858458995819},"size":5.962469100952148,"orthographic":false}