{"cameraMode":{"drawMode":0,"name":"Shaded","section":"Shading Mode"},"sceneLighting":false,"audioPlay":false,"sceneViewState":{"showFog":false,"showMaterialUpdate":false,"showSkybox":false,"showFlares":false,"showImageEffects":false,"showParticleSystems":false},"in2DMode":false,"pivot":{"x":0.40879344940185549,"y":2.123478889465332,"z":0.0027685165405273439},"rotation":{"x":-0.3407038748264313,"y":0.33499112725257876,"z":-0.13140125572681428,"w":-0.8685824871063232},"size":19.70332908630371,"orthographic":false}