{"cameraMode":{"drawMode":0,"name":"Shaded","section":"Shading Mode"},"sceneLighting":false,"audioPlay":false,"sceneViewState":{"showFog":true,"showMaterialUpdate":true,"showSkybox":false,"showFlares":true,"showImageEffects":true,"showParticleSystems":true},"in2DMode":false,"pivot":{"x":0.16135621070861817,"y":0.5593776702880859,"z":-0.2536029815673828},"rotation":{"x":0.2860471308231354,"y":-0.2063269168138504,"z":0.06321684271097183,"w":0.9336004853248596},"size":11.479841232299805,"orthographic":false}